Id;X;Y
0,0.000000000000000e+00,1.000000000000000e+00
1,0.000000000000000e+00,0.000000000000000e+00
2,1.000000000000000e+00,0.000000000000000e+00
3,1.000000000000000e+00,1.000000000000000e+00
4,0.000000000000000e+00,-1.000000000000000e+00
5,1.000000000000000e+00,-1.000000000000000e+00
6,-1.000000000000000e+00,1.000000000000000e+00
7,-1.000000000000000e+00,0.000000000000000e+00
8,-1.000000000000000e+00,-1.000000000000000e+00
9,-1.000000000000000e+00,-5.000000000000000e-01
10,-5.000000000000000e-01,-1.000000000000000e+00
11,0.000000000000000e+00,-5.000000000000000e-01
12,-5.000000000000000e-01,0.000000000000000e+00
13,5.000000000000000e-01,0.000000000000000e+00
14,1.000000000000000e+00,5.000000000000000e-01
15,5.000000000000000e-01,1.000000000000000e+00
16,0.000000000000000e+00,5.000000000000000e-01
17,5.000000000000000e-01,-1.000000000000000e+00
18,-1.000000000000000e+00,5.000000000000000e-01
19,1.000000000000000e+00,-5.000000000000000e-01
20,-5.000000000000000e-01,1.000000000000000e+00
21,5.000000000000000e-01,5.000000000000000e-01
22,-5.000000000000000e-01,-5.000000000000000e-01
23,5.000000000000000e-01,-5.000000000000000e-01
24,-5.000000000000000e-01,5.000000000000000e-01
25,0.000000000000000e+00,7.500000000000000e-01
26,-2.500000000000000e-01,1.000000000000000e+00
27,0.000000000000000e+00,2.500000000000000e-01
28,2.500000000000000e-01,0.000000000000000e+00
29,0.000000000000000e+00,-7.500000000000000e-01
30,2.500000000000000e-01,-1.000000000000000e+00
31,-1.000000000000000e+00,2.500000000000000e-01
32,-7.500000000000000e-01,0.000000000000000e+00
33,-7.500000000000000e-01,1.000000000000000e+00
34,-1.000000000000000e+00,7.500000000000000e-01
35,0.000000000000000e+00,-2.500000000000000e-01
36,-2.500000000000000e-01,0.000000000000000e+00
37,-1.000000000000000e+00,-7.500000000000000e-01
38,-7.500000000000000e-01,-1.000000000000000e+00
39,1.000000000000000e+00,-7.500000000000000e-01
40,7.500000000000000e-01,-1.000000000000000e+00
41,1.000000000000000e+00,2.500000000000000e-01
42,7.500000000000000e-01,0.000000000000000e+00
43,1.000000000000000e+00,7.500000000000000e-01
44,7.500000000000000e-01,1.000000000000000e+00
45,1.000000000000000e+00,-2.500000000000000e-01
46,7.083333333333333e-01,2.916666666666667e-01
47,7.083333333333333e-01,-7.083333333333334e-01
48,-7.500000000000000e-01,-3.125000000000000e-01
49,3.750000000000000e-01,-7.500000000000000e-01
50,-7.500000000000000e-01,6.250000000000000e-01
51,-6.250000000000000e-01,-7.500000000000000e-01
52,-2.500000000000000e-01,-1.000000000000000e+00
53,-2.500000000000000e-01,-6.250000000000000e-01
54,7.500000000000000e-01,-3.750000000000000e-01
55,3.750000000000000e-01,2.500000000000000e-01
56,2.916666666666666e-01,-2.916666666666666e-01
57,-2.916666666666666e-01,7.083333333333334e-01
58,-2.916666666666666e-01,-2.916666666666666e-01
59,-6.250000000000000e-01,2.500000000000000e-01
60,7.500000000000000e-01,6.250000000000000e-01
61,2.500000000000000e-01,1.000000000000000e+00
62,-2.500000000000000e-01,3.750000000000000e-01
63,2.500000000000000e-01,6.250000000000000e-01
64,-1.000000000000000e+00,-2.500000000000000e-01
65,5.312500000000000e-01,7.500000000000000e-01
66,2.464080459770115e-01,-5.366379310344828e-01
67,5.347222222222222e-01,-2.569444444444444e-01
68,-5.366379310344828e-01,7.535919540229885e-01
69,-5.237814465408805e-01,-2.372248427672956e-01
70,-7.272727272727273e-01,-5.426136363636364e-01
71,-7.946428571428571e-01,4.017857142857143e-01
72,1.875000000000000e-01,3.750000000000000e-01
73,-4.017857142857143e-01,2.053571428571428e-01
74,-3.750000000000000e-01,-8.125000000000000e-01
75,1.812500000000000e-01,1.812500000000000e-01
76,-1.812500000000000e-01,-8.187500000000000e-01
77,3.350694444444444e-01,8.125000000000000e-01
78,-7.175732419985293e-01,8.125000000000000e-01
79,-8.125000000000000e-01,1.875000000000000e-01
80,-8.125000000000000e-01,-8.125000000000000e-01
81,1.875000000000000e-01,-8.125000000000000e-01
82,8.125000000000000e-01,-1.875000000000000e-01
83,8.125000000000000e-01,8.125000000000000e-01
84,-2.111344537815126e-01,1.875000000000000e-01
85,8.690476190476190e-01,3.750000000000000e-01
86,8.690476190476190e-01,-6.250000000000000e-01
87,-3.907147988505748e-01,8.578227627257800e-01
88,-1.825980392156863e-01,5.526960784313726e-01
89,-1.309523809523809e-01,-3.750000000000000e-01
90,3.750000000000000e-01,-1.309523809523809e-01
91,5.526960784313725e-01,1.825980392156862e-01
92,1.309523809523809e-01,-3.750000000000000e-01
93,-3.750000000000000e-01,-1.309523809523809e-01
94,5.526960784313725e-01,-8.174019607843137e-01
95,1.557910916489738e-01,8.442089083510262e-01
96,-8.437500000000000e-01,-1.562500000000000e-01
97,-1.614583333333333e-01,-1.614583333333333e-01
98,8.385416666666666e-01,-8.385416666666666e-01
99,8.750000000000000e-01,0.000000000000000e+00
100,1.000000000000000e+00,1.250000000000000e-01
101,1.614583333333333e-01,-1.614583333333333e-01
102,-1.614583333333333e-01,8.385416666666667e-01
103,-1.000000000000000e+00,-6.250000000000000e-01
104,-8.750000000000000e-01,1.000000000000000e+00
105,-4.179687500000000e-01,-6.484375000000000e-01
106,3.515625000000000e-01,4.179687500000000e-01
107,6.736111111111112e-01,-5.347222222222222e-01
108,8.125000000000000e-01,1.577380952380952e-01
109,-3.263888888888888e-01,-4.652777777777778e-01
110,6.736111111111112e-01,4.652777777777778e-01
111,6.522435897435898e-01,-1.367521367521367e-01
112,6.535560344827587e-01,8.636853448275862e-01
113,-6.747463643353229e-01,-1.610978186011937e-01
114,0.000000000000000e+00,-6.250000000000000e-01
115,5.102479397556124e-01,3.386260301221938e-01
116,-3.459343228031954e-01,5.542676561365287e-01
117,5.102479397556123e-01,-6.613739698778062e-01
118,-8.507175744514106e-01,-4.386265673981191e-01
119,-6.331676136363636e-01,-4.171401515151515e-01
120,-4.107142857142857e-01,3.660714285714285e-01
121,-6.607142857142857e-01,4.910714285714286e-01
122,3.980034722222222e-01,6.708984375000000e-01
123,-4.288479304730648e-01,-3.545081916831648e-01
124,3.605983982018891e-01,-4.310682684647775e-01
125,3.833321208772557e-01,-5.884212901197656e-01
126,-5.870973342229298e-01,6.168591588698792e-01
127,-8.493795250006895e-01,7.387409499986209e-01
128,-6.250000000000000e-01,1.000000000000000e+00
129,-1.468843613834422e-01,6.937593613834423e-01
130,6.929750044954185e-01,-8.637215078415736e-01
131,-8.422159090909092e-01,-6.547159090909092e-01
132,-1.250000000000000e-01,0.000000000000000e+00
133,-1.000000000000000e+00,6.250000000000000e-01
134,2.478918251154796e-01,-6.811754753464390e-01
135,-5.510204081632653e-01,3.692602040816326e-01
136,-5.563964843750000e-01,-6.280517578125000e-01
137,-8.750000000000000e-01,5.625000000000000e-01
138,-1.000000000000000e+00,8.750000000000000e-01
139,4.272788902795160e-01,1.198894451397580e-01
140,-1.250000000000000e-01,-6.875000000000000e-01
141,-1.455543154761905e-01,-5.213913690476191e-01
142,6.091269841269842e-01,5.942460317460317e-01
143,8.750000000000000e-01,6.875000000000000e-01
144,6.091269841269842e-01,-4.057539682539683e-01
145,8.750000000000000e-01,-3.125000000000000e-01
146,-5.307539682539683e-01,1.408730158730159e-01
147,1.473214285714286e-01,5.178571428571429e-01
148,-5.178571428571429e-01,-8.526785714285714e-01
149,4.272788902795160e-01,-8.801105548602419e-01
150,0.000000000000000e+00,3.750000000000000e-01
151,8.544456845238095e-01,5.213913690476191e-01
152,-6.875000000000000e-01,1.250000000000000e-01
153,8.544456845238095e-01,-4.786086309523809e-01
154,-6.875000000000000e-01,-8.750000000000000e-01
155,-1.302254300157563e-01,3.020491399684874e-01
156,1.336786296585517e-01,7.048572593171034e-01
157,1.000000000000000e+00,-1.250000000000000e-01
158,0.000000000000000e+00,1.250000000000000e-01
159,-4.256139534937717e-01,6.689241637840311e-01
160,6.777846492738752e-01,1.198647526237386e-01
161,1.250000000000000e-01,-1.000000000000000e+00
162,0.000000000000000e+00,-8.750000000000000e-01
163,-8.750000000000000e-01,-1.000000000000000e+00
164,-1.000000000000000e+00,-8.750000000000000e-01
165,-8.750000000000000e-01,0.000000000000000e+00
166,-1.000000000000000e+00,1.250000000000000e-01
167,1.000000000000000e+00,8.750000000000000e-01
168,8.750000000000000e-01,1.000000000000000e+00
169,-8.373046966425944e-01,8.718108391040614e-01
170,1.336939659884776e-01,-6.100714081919597e-01
171,-5.986666575227015e-01,8.703957842515188e-01
172,5.228010076060535e-01,-1.277371010742570e-01
173,-8.750000000000000e-01,-2.812500000000000e-01
174,7.029176330369797e-01,-2.551392110123266e-01
175,7.029957996129487e-01,7.448347334623504e-01
176,3.789857692712914e-01,5.436619115567107e-01
177,-1.250000000000000e-01,-1.000000000000000e+00
178,1.250000000000000e-01,0.000000000000000e+00
179,-1.192358958365142e-01,4.351404905393277e-01
180,-8.788610038610039e-01,3.009169884169884e-01
181,-3.750000000000000e-01,0.000000000000000e+00
182,3.030033502543025e-01,1.455132856469656e-01
183,5.276522868006056e-01,8.765034108500758e-01
184,-1.000000000000000e+00,-3.750000000000000e-01
185,-6.250000000000000e-01,-1.000000000000000e+00
186,3.750000000000000e-01,0.000000000000000e+00
187,0.000000000000000e+00,6.250000000000000e-01
188,0.000000000000000e+00,8.750000000000000e-01
189,0.000000000000000e+00,-1.250000000000000e-01
190,3.750000000000000e-01,-1.000000000000000e+00
191,8.750000000000000e-01,-1.000000000000000e+00
192,-1.000000000000000e+00,-1.250000000000000e-01
193,1.250000000000000e-01,1.000000000000000e+00
194,0.000000000000000e+00,-3.750000000000000e-01
195,-3.750000000000000e-01,1.000000000000000e+00
196,1.000000000000000e+00,-6.250000000000000e-01
197,1.000000000000000e+00,3.750000000000000e-01
198,3.750000000000000e-01,1.000000000000000e+00
199,-3.750000000000000e-01,-1.000000000000000e+00
200,-1.250000000000000e-01,1.000000000000000e+00
201,1.000000000000000e+00,-8.750000000000000e-01
202,6.250000000000000e-01,0.000000000000000e+00
203,6.250000000000000e-01,1.000000000000000e+00
204,-6.250000000000000e-01,0.000000000000000e+00
205,6.250000000000000e-01,-1.000000000000000e+00
206,1.000000000000000e+00,6.250000000000000e-01
207,1.000000000000000e+00,-3.750000000000000e-01
208,-1.000000000000000e+00,3.750000000000000e-01
209,3.053481839105460e-01,-8.535445517316380e-01
210,-3.125000000000000e-01,1.107332638937928e-01
211,4.190669336330184e-01,-3.154129798755738e-01
212,-6.757015306122449e-01,3.640268607442977e-01
213,-5.563957069707894e-01,-1.141508612943833e-01
214,-6.298810681127097e-01,-2.959279908002218e-01
215,-7.180978827214659e-01,-6.670001700594028e-01
216,2.463116947537546e-01,-4.008375201543499e-01
217,-6.642611032193966e-01,7.067260685868014e-01
218,1.181678578227461e-01,-4.927007943630583e-01
219,2.657893378265925e-01,5.070969738685631e-01
220,-2.732205804822590e-01,8.822594128538149e-01
221,-3.964659563312035e-01,-2.440449579565676e-01
222,2.439286293828589e-01,7.408027643437852e-01
223,-5.082464841704736e-01,-7.354101511840967e-01
224,-8.973214285714286e-01,4.508928571428571e-01
225,-3.258928571428571e-01,2.901785714285714e-01
226,-7.723214285714286e-01,5.133928571428572e-01
227,-5.070471635371561e-01,2.594070394570768e-01
228,9.375000000000000e-02,3.125000000000000e-01
229,2.886284722222222e-01,3.235677083333333e-01
230,-2.803571428571429e-01,-8.848214285714285e-01
231,-2.757894736842105e-01,-7.432236842105263e-01
232,4.968174516444619e-01,6.139868521476823e-01
233,8.805961287258045e-01,2.560043344020900e-01
234,-6.098303804704384e-01,-5.280734976987023e-01
235,-7.355441863349924e-01,2.691325590049773e-01
236,-9.065389195338331e-01,-5.625000000000000e-01
237,-9.631660500020903e-02,1.875000000000000e-01
238,-7.425507771682340e-01,-4.217255053226228e-01
239,1.800595238095238e-01,-2.730654761904762e-01
240,-2.730654761904762e-01,-1.800595238095238e-01
241,2.633928571428572e-01,-1.123511904761905e-01
242,-1.123511904761905e-01,-2.633928571428572e-01
243,8.199404761904761e-01,-7.269345238095238e-01
244,-2.194516414732392e-01,-4.400964900881960e-01
245,7.583027058698200e-01,3.919383189517417e-01
246,7.583027058698198e-01,-6.080616810482583e-01
247,-5.278102056735600e-01,-3.962553596322906e-01
248,5.001663420649548e-01,-3.898908104444672e-01
249,-4.375000000000000e-01,8.743782137268055e-02
250,1.477893421535763e-01,-7.146900075717139e-01
251,-4.929862055392513e-01,8.923012758603313e-01
252,6.209847300192086e-01,-6.355252762183805e-01
253,5.750282248382511e-01,4.237522353023667e-01
254,-1.875000000000000e-01,8.482289974813455e-02
255,4.294704861111111e-01,7.696698977623456e-01
256,3.125000000000000e-01,9.153083204732511e-01
257,4.180361335875212e-01,8.845951119302976e-01
258,-4.257114955357143e-01,-9.062500000000000e-01
259,8.231872294372296e-02,4.375000000000000e-01
260,-3.430989583333333e-01,-5.713975694444444e-01
261,6.008360210023379e-01,2.794828358598495e-01
262,4.504281517730250e-01,-1.995681485522069e-01
263,-3.344987209274324e-01,4.450841195509260e-01
264,-9.196196269274101e-01,8.121973545506742e-01
265,-6.930983835433293e-01,9.132867340239467e-01
266,2.212051267221139e-01,-9.054316244259620e-01
267,-9.103831451023081e-01,2.063505646930757e-01
268,-8.976801067868649e-01,1.023198932131351e-01
269,-8.125000000000000e-01,-9.166666666666666e-01
270,8.333333333333333e-02,-8.125000000000000e-01
271,-8.993055555555556e-01,-8.645833333333334e-01
272,-7.187500000000000e-01,-7.812500000000000e-01
273,-9.005456349206349e-01,-7.641369047619048e-01
274,-7.812500000000000e-01,9.375000000000000e-02
275,9.062500000000000e-01,-2.187500000000000e-01
276,8.906250000000000e-01,-1.093750000000000e-01
277,9.062500000000000e-01,7.812500000000000e-01
278,8.906250000000000e-01,8.906250000000000e-01
279,7.518175742034047e-01,8.964391914011349e-01
280,7.508112358655837e-01,-1.038962547114721e-01
281,5.625000000000000e-01,-9.191340965916568e-01
282,5.625000000000000e-01,8.086590340834317e-02
283,-9.824630723118558e-02,6.063928842305680e-01
284,5.835372209430751e-01,-7.252233829382879e-01
285,1.843750000000000e-01,2.781250000000000e-01
286,2.214160877531406e-01,9.282161949257058e-02
287,7.995689655172412e-02,1.875000000000000e-01
288,-9.264705882352940e-02,-7.790441176470588e-01
289,-1.875000000000000e-01,-9.219372923588040e-01
290,-9.115161750329244e-02,-9.088483824967075e-01
291,9.099017293546874e-02,9.099017293546875e-02
292,-4.372801223189529e-01,7.687526187013780e-01
293,9.077380952380953e-02,-9.092261904761905e-01
294,-2.305672268907563e-01,2.812500000000000e-01
295,8.991714929214929e-01,1.008285070785071e-01
296,-2.106685495321177e-01,4.617123436697215e-01
297,-2.255589031291991e-01,6.386252337033450e-01
298,4.610923478694773e-01,2.090340151496560e-01
299,4.610923478694773e-01,-7.909659848503440e-01
300,-9.069624173973613e-02,9.069624173973613e-02
301,7.542527598351648e-01,-4.751619479404894e-01
302,7.542527598351648e-01,5.248380520595106e-01
303,-9.058884805063382e-01,6.569730389873236e-01
304,-7.561263240740251e-01,7.267463412800305e-01
305,6.459235536037465e-01,3.619913988405765e-01
306,1.005816913606594e-01,6.084449149066210e-01
307,-2.548996284081827e-01,-5.292152812193724e-01
308,7.560381768882634e-01,-7.949385776614799e-01
309,-4.395534961202766e-01,5.742223716423079e-01
310,-2.443849864749983e-01,7.912599864749984e-01
311,9.292674731182795e-01,-8.125000000000000e-01
312,9.075246902758297e-01,-9.078102849914793e-01
313,8.125000000000000e-01,-9.292674731182795e-01
314,-1.875000000000000e-01,-7.073252688172044e-02
315,-9.218971500852069e-02,-9.247530972417012e-02
316,7.073252688172044e-02,-1.875000000000000e-01
317,9.247530972417012e-02,-9.218971500852069e-02
318,-7.073252688172042e-02,8.125000000000000e-01
319,-9.207338828323094e-02,9.079266117167690e-01
320,-1.911931886737623e-01,9.272421761036358e-01
321,3.588078091273483e-01,-2.245185112582723e-01
322,8.022017323999177e-01,3.084543944727065e-01
323,-4.688714989845477e-01,-1.568155258600878e-01
324,-7.968750000000000e-01,-2.343750000000000e-01
325,-8.125000000000000e-01,-6.875000000000001e-02
326,-9.218750000000000e-01,-2.031250000000000e-01
327,-5.625000000000000e-01,-9.328327922077922e-01
328,6.858565813937380e-02,8.125000000000000e-01
329,2.488066795840869e-01,8.474442787787345e-01
330,1.875000000000000e-01,9.314143418606262e-01
331,2.849091757152211e-01,-7.645969564716357e-01
332,5.802534288739311e-01,-5.501217445192338e-01
333,9.121050213379069e-01,-7.218021798168305e-01
334,-1.974304991883117e-01,-3.065666429924243e-01
335,2.484928808170995e-01,-2.065873579545454e-01
336,-2.906901041666667e-01,-8.629472740800861e-02
337,8.629472740800861e-02,-2.906901041666667e-01
338,7.915284220246532e-01,-2.761107889876734e-01
339,7.915805330752991e-01,7.239152665376496e-01
340,9.345238095238094e-01,4.375000000000000e-01
341,9.345238095238094e-01,-5.625000000000000e-01
342,-6.547619047619047e-02,-4.375000000000000e-01
343,4.375000000000000e-01,-6.547619047619047e-02
344,-4.375000000000000e-01,-6.547619047619047e-02
345,-8.152621756053582e-01,-5.673735281414536e-01
346,-3.016874459496310e-01,2.017626963459636e-01
347,-3.478158934740590e-01,7.786883744790632e-01
348,9.088666598205655e-01,-4.010166803588691e-01
349,9.348362560379583e-01,5.625000000000000e-01
350,-6.516374396204166e-02,-5.625000000000000e-01
351,2.664374242328200e-01,2.321686818950862e-01
352,-6.442417612740460e-02,-1.875000000000000e-01
353,1.875000000000000e-01,-6.442417612740460e-02
354,-6.875000000000000e-01,-6.892989791410457e-02
355,6.681245210142661e-01,6.620208832597929e-01
356,6.681254681618641e-01,-3.379834552872689e-01
357,4.121587720233021e-01,3.408044943520886e-01
358,4.629116089611697e-01,4.166323489540202e-01
359,9.326555804400972e-01,1.835364269398651e-01
360,6.630250070732860e-01,2.111061547759215e-01
361,-2.894753576505210e-01,-3.823827062476736e-01
362,-4.083734919001032e-01,-5.067436516105950e-01
363,-7.891148261186520e-01,-7.264055216440438e-01
364,8.820973120942138e-02,9.117902687905786e-01
365,-1.000000000000000e+00,-6.250000000000000e-02
366,-9.375000000000000e-01,0.000000000000000e+00
367,-9.125000000000000e-01,-9.375000000000000e-02
368,-9.177824673680581e-01,9.177824673680581e-01
369,6.546927025339078e-01,-7.814846597449510e-01
370,-6.202447746387620e-01,7.840646088277645e-01
371,-6.458963711442336e-01,-6.116172927437019e-01
372,-4.232573774263147e-01,4.544355579062663e-01
373,5.644187614291064e-01,6.692381505558230e-01
374,5.865305325818898e-01,5.101085479043448e-01
375,6.299770593595418e-02,-5.597110791508083e-01
376,6.318025337216376e-02,-6.875000000000000e-01
377,-1.025198823993125e-01,5.200041822459367e-01
378,6.180793458119312e-01,7.792193236672751e-01
379,-6.035153879414977e-01,-8.574794802160457e-01
380,-9.284776869771250e-01,-6.789894018929663e-01
381,-3.643626644736842e-01,-7.220559210526316e-01
382,-5.143511258118579e-01,6.676902272454684e-01
383,7.677278413262083e-01,2.303888501320245e-01
384,7.595772752807088e-01,8.745635363989882e-02
385,2.669949001736111e-01,4.061686197916666e-01
386,-4.794166201636905e-01,-5.855102539062500e-01
387,-5.625000000000000e-01,0.000000000000000e+00
388,-6.046089118378275e-01,8.832054408108625e-02
389,3.298287319702725e-01,7.253846736997508e-01
390,-7.586355842314786e-01,-1.373176484887577e-01
391,-6.982745456353858e-01,-2.438065603606161e-01
392,-6.063528868126468e-01,-2.132192490407994e-01
393,-9.375000000000000e-01,-1.000000000000000e+00
394,9.345238095238094e-01,3.212962301868446e-01
395,6.184465860954692e-01,-2.212572222639080e-01
396,8.366662964191570e-01,6.079174071616860e-01
397,-1.633337035808430e-01,-6.079174071616860e-01
398,0.000000000000000e+00,-4.375000000000000e-01
399,5.847284261438783e-01,-3.249472948645687e-01
400,2.975262967456068e-01,-6.083895545549601e-01
401,-6.156572014775482e-01,4.213498216633426e-01
402,-2.645099590225964e-01,5.281456751513284e-01
403,6.875000000000000e-01,1.000000000000000e+00
404,5.913140513016224e-01,-7.780065791543868e-02
405,-3.073439101022303e-01,6.272650599342762e-01
406,6.875000000000000e-01,0.000000000000000e+00
407,-6.705314588321200e-01,5.812528369690629e-01
408,-6.071901501512424e-01,1.701205918246485e-01
409,-5.625000000000000e-01,1.000000000000000e+00
410,3.125000000000000e-01,0.000000000000000e+00
411,3.543468256170872e-01,8.034907275320978e-02
412,-1.000000000000000e+00,-4.375000000000000e-01
413,-9.083730662151922e-01,-3.669609117130770e-01
414,-8.231126783141731e-01,-3.573933075628802e-01
415,0.000000000000000e+00,6.875000000000000e-01
416,3.547647834695739e-01,-9.198331815952538e-01
417,-4.543732737433933e-01,-4.321693382059930e-01
418,8.125000000000000e-01,0.000000000000000e+00
419,4.201049170162607e-01,-6.713217369347610e-01
420,4.709555710369096e-01,-5.828568249269284e-01
421,3.289997672650740e-01,-6.831685027381643e-01
422,-9.202159487307001e-01,-4.818225303256774e-01
423,-7.892850574510797e-01,-4.909642550042664e-01
424,8.229836475148947e-01,-5.556707650762658e-01
425,8.229836475148948e-01,4.443292349237342e-01
426,8.307152502514860e-01,-3.801805005029720e-01
427,-4.276415300231201e-01,2.845258673796679e-01
428,-7.276785714285714e-01,4.464285714285715e-01
429,-5.822488052243341e-01,5.295856368951570e-01
430,8.125000000000000e-01,1.000000000000000e+00
431,6.756431877205955e-01,5.468989748126787e-01
432,6.756431877205955e-01,-4.531010251873213e-01
433,-2.074755311352893e-01,-6.962010622705785e-01
434,-4.222292974438701e-01,9.332631430765743e-01
435,7.329087513306283e-01,8.188651111770548e-01
436,-8.238968971800981e-01,6.607198379936342e-01
437,-5.028214958872471e-01,-3.173221155484573e-01
438,3.326866351916245e-01,-5.154195947079807e-01
439,4.166673716294902e-01,-5.112260097954442e-01
440,7.331318361196010e-01,-1.815024100568671e-01
441,0.000000000000000e+00,-3.125000000000000e-01
442,1.770671502252756e-01,-4.395536496858629e-01
443,-3.428033035741036e-01,9.221399630429122e-01
444,-7.779087012130122e-02,7.332372058804687e-01
445,5.959669437957114e-01,9.227696016919733e-01
446,-6.854910919610505e-01,-4.759237028095151e-01
447,-6.902127398344522e-01,-3.632892577565112e-01
448,5.232405503206691e-01,2.595791787880157e-01
449,3.166540270338021e-01,-3.660544279821956e-01
450,-5.680519581922954e-01,-4.626425037017566e-01
451,-3.331001578311103e-01,3.674699916677506e-01
452,-7.737786225117140e-01,9.223701909037033e-01
453,4.757687979315259e-01,6.916804232555289e-01
454,3.340922287842699e-01,6.154115544327691e-01
455,9.375000000000000e-01,0.000000000000000e+00
456,1.000000000000000e+00,9.375000000000000e-01
457,-4.559532281767557e-01,-7.987238394985197e-01
458,-5.186971829601361e-01,5.769518590918919e-01
459,2.014252619435609e-01,4.559951629573408e-01
460,-4.941747187801099e-01,4.224016199719294e-01
461,6.411254848194414e-01,-9.229512723455706e-01
462,4.255502585027161e-01,4.831872932437237e-01
463,-3.266874103306915e-01,-6.505436125334233e-01
464,-7.332058136650076e-01,1.898383726699849e-01
465,-8.689777376664130e-01,3.782575874767208e-01
466,-9.252800107214576e-01,7.364742965987685e-01
467,-7.977568600906089e-01,8.011394660780161e-01
468,-3.531799641141596e-01,-3.385370492272528e-01
469,-3.811907521806837e-01,-4.131973104180094e-01
470,1.781292270285402e-01,5.911045800500300e-01
471,-4.815360481390118e-01,3.382429635161314e-01
472,-2.078951273606901e-01,-2.269595929787167e-01
473,-7.988329651931220e-02,3.648917070965187e-01
474,-3.486662818698775e-01,-9.251649987292923e-01
475,-1.000000000000000e+00,-8.125000000000000e-01
476,-1.000000000000000e+00,-3.125000000000000e-01
477,7.043524312692923e-02,5.355387084885481e-01
478,-5.641253519631115e-01,-7.937185349677188e-01
479,7.368737836204349e-01,-9.254224479767211e-01
480,6.192316414418171e-01,-8.514761593621407e-01
481,4.501507940477276e-01,-4.448699723294000e-01
482,3.113426667287206e-01,-1.682287101834915e-01
483,5.723478359136158e-01,-4.734693822692326e-01
484,-1.458616029304138e-01,-4.474367925349708e-01
485,9.295587112775598e-01,-4.734102502174937e-01
486,-8.118669645441478e-01,2.639930107643397e-01
487,-5.872919120989222e-01,6.946080456080636e-01
488,-1.739886709633491e-01,7.641556768950915e-01
489,-4.954554761722485e-01,8.168551090910198e-01
490,-7.477869712753512e-01,3.431694253791635e-01
491,3.272462277091907e-01,-7.335299088771309e-02
492,7.613891286762059e-02,-4.285909421534726e-01
493,-7.335299088771309e-02,-3.272462277091907e-01
494,4.904693058986617e-01,8.121430754649926e-01
495,0.000000000000000e+00,5.625000000000000e-01
496,2.205005547918629e-01,-6.091802777513452e-01
497,2.151069467105532e-01,-7.456471575200782e-01
498,-4.372276686470825e-01,-7.187872484455129e-01
499,-5.312500000000000e-01,6.697127207690587e-02
500,-4.588480984759921e-01,1.582715937773809e-01
501,-1.802881859903475e-01,3.956559981515094e-01
502,2.280501106523294e-01,-3.292439789431663e-01
503,2.754527837664608e-01,-4.687170839941728e-01
504,-5.902107076256504e-01,-3.576542486680879e-01
505,-1.600882212820106e-01,-7.501407623077097e-01
506,-5.450264761888914e-01,-5.577068578144817e-01
507,7.385413488179220e-01,1.622810724438070e-01
508,-1.000000000000000e+00,3.125000000000000e-01
509,-9.337580303818284e-01,3.472340014314068e-01
510,-2.554934210526316e-01,-8.147509398496240e-01
511,4.375000000000000e-01,1.000000000000000e+00
512,4.764865397285148e-01,9.298909447201431e-01
513,6.615036374294160e-01,-6.621865278545506e-02
514,1.734311759830550e-01,7.699795232096788e-01
515,7.130039874280551e-02,7.406389836452869e-01
516,2.025804930713244e-01,6.805744029155015e-01
517,5.024029442563831e-01,1.264128223758444e-01
518,4.873759460231329e-01,-9.256574738277432e-01
519,-9.062500000000000e-01,-9.357193732193733e-01
520,4.402994716666627e-01,2.762835788309263e-01
521,6.656304554597248e-01,9.330622233712802e-01
522,-5.694877718419444e-01,2.981402510258225e-01
523,-7.281650562510453e-02,2.567499105664887e-01
524,-1.537255293908608e-01,2.327992294019987e-01
525,8.315646860230188e-01,7.127749057288062e-02
526,4.375000000000000e-01,0.000000000000000e+00
527,3.736342544952849e-01,1.738930377518092e-01
528,4.699946908887376e-01,6.379961173775725e-02
529,3.958199481116797e-01,-8.171926705245692e-01
530,4.925512900373137e-01,-8.538838691860167e-01
531,6.863917224265654e-01,-6.055335010435751e-01
532,-6.116838919078313e-01,-6.772201380225401e-01
533,6.078919220251096e-01,1.365787906433134e-01
534,8.203049287043067e-01,-1.171799287043068e-01
535,-4.908473810432010e-01,-6.631299116150222e-01
536,-5.596353831407269e-01,4.633318329227347e-01
537,-8.268849206349207e-01,4.662698412698413e-01
538,-6.875000000000000e-01,0.000000000000000e+00
539,-9.371405477328808e-01,5.944689045342384e-01
540,9.375000000000000e-01,7.187500000000000e-01
541,9.375000000000000e-01,-2.812500000000000e-01
542,-7.395833333333334e-01,-9.270833333333334e-01
543,-8.045634920634921e-01,5.778769841269842e-01
544,-9.295634920634921e-01,5.153769841269841e-01
545,9.272105898044465e-01,6.356711796088930e-01
546,-7.569444444444444e-01,-8.576388888888890e-01
547,-6.358092969596402e-01,-9.272796484798200e-01
548,0.000000000000000e+00,-6.875000000000000e-01
549,-7.278941019555350e-02,-6.356711796088930e-01
550,-1.000000000000000e+00,6.250000000000000e-02
551,1.000000000000000e+00,-6.250000000000000e-02
552,1.000000000000000e+00,6.250000000000000e-02
553,9.375000000000000e-01,1.000000000000000e+00
554,-3.643199822802792e-01,7.079333086386306e-01
555,-3.772480860942318e-01,6.175210222183647e-01
556,-4.943508887894402e-01,-9.182799607564320e-01
557,-7.565473348059912e-01,-6.073045920726520e-01
558,-3.262081707326480e-01,-2.285560786874158e-01
559,5.101618214613014e-01,-7.354599240584310e-01
560,8.207537937586731e-01,8.823712062413269e-01
561,0.000000000000000e+00,3.125000000000000e-01
562,1.238502352557651e-01,-2.322577938762476e-01
563,-2.322577938762476e-01,-1.238502352557651e-01
564,-6.274843111100920e-01,-1.075916378816972e-01
565,1.334974821137962e-01,2.312783070285872e-01
566,-6.563644435505472e-01,-8.121566693483582e-01
567,8.699082999280406e-01,-7.767596347475686e-01
568,5.790021061170786e-01,3.449876929870040e-01
569,4.924339862984350e-01,-3.169168646787945e-01
570,-1.537255293908608e-01,1.466558528591419e-01
571,5.462763857752899e-01,5.660224945523848e-01
572,4.517090615251390e-01,5.556895569256667e-01
573,-4.110730215216316e-01,-5.802386256026084e-01
574,1.551021314871767e-01,-8.768283219633672e-01
575,-5.956017493319006e-02,4.674640370407256e-01
576,-2.202928317248847e-01,7.098200590749417e-01
577,1.717864856152984e-01,-5.453201996502403e-01
578,-8.581164430369561e-01,-5.127930215663378e-01
579,6.806107047684454e-02,6.705814934663814e-01
580,-6.875000000000000e-01,-1.000000000000000e+00
581,-2.214511857481286e-01,-3.711859967745980e-01
582,1.875000000000000e-01,-1.000000000000000e+00
583,4.375000000000000e-01,-1.000000000000000e+00
584,4.546907351608611e-01,-1.314879846077653e-01
585,-5.937500000000000e-01,9.388721128033211e-01
586,2.873494633777148e-01,-9.185259362404835e-01
587,-1.000000000000000e+00,6.875000000000000e-01
588,-5.634001687733745e-01,2.218091106628941e-01
589,8.073232928518163e-01,-6.580601829658038e-01
590,1.565997285664017e-01,6.366227330758645e-02
591,5.555976982710257e-01,-1.898647624892667e-01
592,7.775949246947366e-01,-8.701480590795425e-01
593,-8.536386125547948e-01,9.366446086661212e-01
594,2.872942363592959e-01,8.032683029361175e-02
595,-6.351345007962859e-02,-8.436192236062946e-01
596,6.875000000000000e-01,-1.000000000000000e+00
597,4.343043760523291e-01,-3.802145865287538e-01
598,7.413513991851041e-01,-5.420666750455170e-01
599,7.413513991851041e-01,4.579333249544830e-01
600,5.877091447948145e-01,8.416584699506721e-01
601,9.394531250000000e-01,8.417968750000000e-01
602,9.394531250000000e-01,-1.582031250000000e-01
603,-8.125000000000000e-01,0.000000000000000e+00
604,-8.421205976312517e-01,6.195686587708391e-02
605,-7.187500000000000e-01,6.250000000000000e-02
606,-6.636306363419799e-01,8.527657614314099e-01
607,5.355307278867318e-01,-5.996315723173812e-01
608,-9.418647802611946e-01,2.812500000000000e-01
609,-1.602323184690321e-01,6.291064228132178e-01
610,6.562500000000000e-01,5.779320958676470e-02
611,9.345238095238095e-01,-6.538533407631423e-01
612,-3.556995462159738e-01,-6.547619047619045e-02
613,6.547619047619045e-02,-3.556995462159738e-01
614,9.375000000000000e-01,-1.000000000000000e+00
615,1.000000000000000e+00,-9.375000000000000e-01
616,6.250000000000000e-02,0.000000000000000e+00
617,0.000000000000000e+00,-6.250000000000000e-02
618,-6.250000000000000e-02,0.000000000000000e+00
619,-6.250000000000000e-02,-7.169006909992913e-01
620,-6.250000000000000e-02,1.000000000000000e+00
621,0.000000000000000e+00,9.375000000000000e-01
622,-3.816741118578412e-01,1.348978686482528e-01
623,-3.726585288929579e-01,6.772988112488434e-02
624,-3.125000000000000e-01,0.000000000000000e+00
625,5.029441850378903e-01,-6.537799913789957e-02
626,3.537521877272537e-01,-3.122023070796741e-01
627,8.493071499023971e-01,9.405260214146282e-01
628,8.494903313888571e-01,-5.944780980159185e-02
629,-4.429522922490688e-01,-2.903955818425269e-01
630,-5.617513835586652e-01,8.153066976523392e-01
631,0.000000000000000e+00,-9.375000000000000e-01
632,-6.250000000000000e-02,-1.000000000000000e+00
633,-5.648567184831361e-01,-2.977488498545743e-01
634,-9.375000000000000e-01,-2.656250000000000e-01
635,-8.593750000000000e-01,-2.187500000000000e-01
636,7.280777245617651e-01,-3.144336842577164e-01
637,7.280623071455600e-01,6.855309927970809e-01
638,0.000000000000000e+00,6.250000000000000e-02
639,3.984910849926605e-01,6.057860297756691e-01
640,3.611001397931426e-01,4.817259975408530e-01
641,-6.492825149027340e-02,6.660914022939821e-01
642,-4.939458730597625e-01,-9.714634558428761e-02
643,6.250000000000000e-02,-1.000000000000000e+00
644,8.463196055061634e-01,-2.422911834815101e-01
645,2.781633203893907e-01,6.845371006933977e-01
646,8.463326332688248e-01,7.577478998064743e-01
647,1.862814568903459e-01,-6.634075008802645e-01
648,2.863047536539208e-01,5.698531087524847e-01
649,7.077561228019369e-02,-6.235945591627857e-01
650,-8.163625816646884e-01,3.331506535517147e-01
651,-1.000000000000000e+00,4.375000000000000e-01
652,-2.558154687975042e-01,6.972237424381518e-02
653,1.281196607310296e-01,1.441205122044392e-01
654,-3.007780799796813e-01,8.234587080383704e-01
655,-6.691874939644723e-01,1.864374761610778e-01
656,-4.591473686461682e-01,-2.224090662959484e-01
657,6.439108387966604e-01,7.209655160091423e-01
658,-1.451227517068874e-01,-8.727211342035950e-01
659,1.672300313692495e-01,-9.394849658815876e-01
660,-5.515492790742250e-01,-1.787249060502863e-01
661,-2.632763538713584e-01,1.510433154415058e-01
662,-4.810097056276689e-01,7.221824719102307e-01
663,2.446345932597325e-01,1.719260051224012e-01
664,6.339071168768512e-01,-2.836120188310735e-01
665,6.398276529227791e-02,-7.514952018325184e-01
666,4.360186224220772e-01,-7.327128694099255e-01
667,-4.025465768503100e-01,5.182550013054341e-01
668,2.484809036177136e-01,9.115715139787754e-01
669,6.462421056525239e-01,-7.190454329315142e-01
670,-8.106244320362379e-01,-2.957496592217427e-01
671,6.618812569521690e-02,2.522803114571747e-01
672,-5.871128633543565e-01,-5.855483540140223e-02
673,-6.475672965867643e-01,6.429985260099786e-01
674,1.179667824171182e-01,3.777373263743227e-01
675,-8.393341939865949e-02,-5.000465256659982e-01
676,9.374389419410134e-01,4.999931039076005e-01
677,-7.500090094362926e-01,-7.510005231719574e-02
678,0.000000000000000e+00,4.375000000000000e-01
679,-1.000000000000000e+00,5.625000000000000e-01
680,1.000000000000000e+00,-4.375000000000000e-01
681,5.625000000000000e-01,1.000000000000000e+00
682,-4.375000000000000e-01,1.000000000000000e+00
683,5.625000000000000e-01,0.000000000000000e+00
684,-9.375000000000000e-01,1.000000000000000e+00
685,1.875000000000000e-01,0.000000000000000e+00
686,6.250000000000000e-02,1.000000000000000e+00
687,1.000000000000000e+00,1.875000000000000e-01
688,3.125000000000000e-01,-1.000000000000000e+00
689,0.000000000000000e+00,-5.625000000000000e-01
690,1.000000000000000e+00,5.625000000000000e-01
691,-4.375000000000000e-01,0.000000000000000e+00
692,1.000000000000000e+00,-6.875000000000000e-01
693,1.000000000000000e+00,-5.625000000000000e-01
694,1.000000000000000e+00,3.125000000000000e-01
695,1.000000000000000e+00,4.375000000000000e-01
696,1.875000000000000e-01,1.000000000000000e+00
697,0.000000000000000e+00,8.125000000000000e-01
698,-1.000000000000000e+00,-1.875000000000000e-01
699,-1.875000000000000e-01,1.000000000000000e+00
700,0.000000000000000e+00,-1.875000000000000e-01
701,-1.875000000000000e-01,0.000000000000000e+00
702,8.125000000000000e-01,-1.000000000000000e+00
703,1.000000000000000e+00,-8.125000000000000e-01
704,-1.875000000000000e-01,-1.000000000000000e+00
705,0.000000000000000e+00,1.875000000000000e-01
706,5.625000000000000e-01,-1.000000000000000e+00
707,0.000000000000000e+00,-8.125000000000000e-01
708,-8.125000000000000e-01,-1.000000000000000e+00
709,-1.000000000000000e+00,1.875000000000000e-01
710,-6.875000000000000e-01,1.000000000000000e+00
711,-1.000000000000000e+00,8.125000000000000e-01
712,-4.375000000000000e-01,-1.000000000000000e+00
713,3.125000000000000e-01,1.000000000000000e+00
714,-1.000000000000000e+00,-6.875000000000000e-01
715,-1.000000000000000e+00,-5.625000000000000e-01
716,-5.625000000000000e-01,-1.000000000000000e+00
717,-1.000000000000000e+00,9.375000000000000e-01
718,-3.125000000000000e-01,1.000000000000000e+00
719,-3.125000000000000e-01,-1.000000000000000e+00
720,-1.000000000000000e+00,-9.375000000000000e-01
721,1.000000000000000e+00,6.875000000000000e-01
722,1.000000000000000e+00,-3.125000000000000e-01
723,-8.125000000000000e-01,1.000000000000000e+00
724,1.000000000000000e+00,8.125000000000000e-01
725,1.000000000000000e+00,-1.875000000000000e-01
726,-6.125481731318770e-01,3.472791714351093e-01
727,-2.006300138676737e-01,3.363445136379556e-01
728,-2.741784760166142e-01,4.652749904615174e-01
729,2.421647498543521e-01,-8.452518096302318e-01
730,-6.738701151303561e-01,2.965556572885983e-01
731,3.475654112792460e-01,3.524549457212434e-01
732,-6.856459413665589e-01,-7.243121759003233e-01
733,4.568306292321760e-01,-2.634688412413070e-01
734,8.162872268196910e-01,6.667573620163776e-01
735,-4.104060061248294e-01,-1.828155138065864e-01
736,-2.840068167261400e-01,9.440833123907770e-01
737,-8.537928934691463e-01,-7.188020859419090e-01
738,3.036787763497031e-01,4.577238272547305e-01
739,-7.648625053286107e-01,8.576199797096333e-01
740,-7.802770488288687e-01,-6.648189979378630e-01
741,4.062500000000000e-01,9.459267330696367e-01
742,9.290845956226119e-01,-3.425441912452238e-01
743,8.751433522573387e-01,1.586881707637121e-01
744,-1.591757167685188e-01,4.956477133825307e-01
745,3.366628049035332e-01,-7.987008626522354e-01
746,-7.437627739498947e-01,-1.992389628742531e-01
747,-8.580405949032304e-01,8.138057811816127e-01
748,-7.107135764720200e-01,5.312535462113286e-01
749,1.517983845677534e-01,6.463766157274888e-01
750,3.253602779729990e-01,2.128250534389294e-01
751,8.056768558835768e-01,-4.382918060106141e-01
752,6.731738821803486e-01,8.057623091168846e-01
753,2.086173244087685e-01,5.351787338092466e-01
754,6.732941568426268e-01,-1.941820479831781e-01
755,-6.569162719519347e-01,5.435436402403267e-02
756,-9.408197418351572e-01,1.498430840975279e-01
757,-3.148573284435400e-01,-7.929524516637023e-01
758,-2.736930269325759e-01,-6.817562885629902e-01
759,-5.064332368078956e-01,1.976465618475130e-01
760,7.812500000000000e-01,-5.170729029135701e-02
761,-2.148028263267710e-01,-5.751819028340325e-01
762,1.402651445348451e-01,4.570954812813022e-01
763,-8.373225800901487e-01,1.271424733032838e-01
764,4.289323378332148e-01,-9.403500112413791e-01
765,7.812500000000000e-01,9.487521080149273e-01
766,-2.134035795618817e-01,8.704624147434316e-01
767,-6.895013612422510e-01,-3.032279350934582e-01
768,-4.775779247956476e-01,6.204556521223795e-01
769,5.372312437310357e-01,9.431835971729569e-01
770,-2.812500000000000e-01,-9.466465946843854e-01
771,9.407136722964623e-01,2.612670626709026e-01
772,8.297668370997492e-01,2.185001997248834e-01
773,8.628851521570738e-01,3.143437103301340e-01
774,2.173901488164259e-01,-4.840585463858127e-01
775,-2.210471380917082e-01,-8.664203642910091e-01
776,-3.390178540023037e-01,-8.634997754315861e-01
777,9.088476814089994e-01,-5.245257774671403e-02
778,9.086710843166499e-01,9.476231067214358e-01
779,-5.691339585271546e-01,-7.226133682999629e-01
780,-8.972475400037689e-01,-6.245604658656925e-01
781,3.761749953962569e-01,-3.673534710189285e-01
782,-6.783570594433010e-01,7.659435780032077e-01
783,-7.037613894531104e-01,6.623284430500449e-01
784,5.933918743185081e-02,-5.004828129615696e-01
785,6.211179346252620e-01,-5.071733007708583e-01
786,-6.663362805731696e-01,-5.532365803627081e-01
787,-4.546676458285983e-01,2.318928690526108e-01
788,1.911249565900413e-01,-3.767883809563506e-01
789,5.883007523167579e-02,3.829759105566082e-01
790,5.907513139848114e-01,-1.393450017124806e-01
791,-2.603157817360455e-01,5.887731003547032e-01
792,1.354166666666667e-01,-7.766795079804739e-01
793,8.054950308560754e-01,5.564226538848541e-01
794,4.108857726708892e-01,6.309484500825750e-02
795,9.482993754771852e-01,9.037206283402969e-01
796,7.224694830230487e-01,9.480606319814699e-01
797,3.195212394337624e-01,2.723513683920803e-01
798,9.482746502003412e-01,-9.645244859761130e-02
799,5.862298330651858e-01,7.302421555124704e-01
800,6.948472567465137e-01,4.042308563372457e-01
801,9.274170589692656e-01,3.793981150934223e-01
802,8.802828472348889e-01,4.658893256343853e-01
803,8.802828472348888e-01,-5.341106743656148e-01
804,2.768512483708534e-01,7.927291255599991e-01
805,-2.190803169321837e-01,-7.657754650847950e-01
806,-9.510920829552565e-01,-4.062500000000000e-01
807,3.239542676629817e-01,5.260032790267658e-01
808,4.340337023962565e-01,8.281553407254074e-01
809,6.662444036459900e-01,6.040916138219274e-01
810,6.662427854415580e-01,-3.959106595361738e-01
811,8.127036033221428e-01,-7.841601531908585e-01
812,-5.794854845046058e-02,1.411625879671145e-01
813,-6.714888972031456e-01,4.346887029475757e-01
814,-5.960371681711456e-01,-5.835848202397907e-01
815,-3.171391287130645e-01,5.040604342627925e-01
816,-8.558215655054747e-01,2.261076423492750e-01
817,4.473128377948348e-01,6.422731427874131e-01
818,-1.169003478496504e-01,7.766655700508996e-01
819,6.023055480570522e-01,2.183504177826155e-01
820,-3.784051272728226e-01,3.168350258211310e-01
821,-3.751292598931546e-01,2.578694129871082e-01
822,-2.880572337692257e-01,3.326884272070516e-01
823,-8.719883786848073e-01,5.038619614512471e-01
824,2.428467629334215e-01,2.862897596803348e-01
825,6.343548383938870e-01,-5.783665375303145e-01
826,5.699163291947983e-01,-6.668709627887277e-01
827,6.727862629217337e-01,-6.621789786961312e-01
828,2.411001699942130e-01,3.552532431520061e-01
829,7.008230445061776e-01,3.478568388444072e-01
830,-9.523467432950191e-01,-8.437500000000000e-01
831,-6.238110222247220e-01,-4.730932092006029e-01
832,7.187500000000000e-01,4.767473918001019e-02
833,-3.515629987691354e-01,-2.806358207410752e-01
834,8.638466246958770e-01,-6.852904012264462e-01
835,-2.657558990067054e-01,-2.386314573084062e-01
836,1.786041897527441e-01,-2.159543612316855e-01
837,2.387535010780058e-01,-2.650236363891078e-01
838,1.624801784301107e-01,-3.273925842211100e-01
839,-3.309910528554171e-01,-1.699497269588998e-01
840,-1.500492228737996e-01,-2.187579632961718e-01
841,2.048015340042650e-01,-1.210790590405991e-01
842,-5.437295704354347e-02,-2.718185600923906e-01
843,2.718185600923906e-01,-5.437295704354347e-02
844,-1.297396169457856e-01,-3.178484566995119e-01
845,7.611268409371427e-01,-7.356943115200008e-01
846,1.234735325955240e-01,7.973181580445996e-01
847,1.513392857142857e-01,3.276785714285714e-01
848,-4.027227836309565e-01,-7.633918796590411e-01
849,-4.387365951750850e-01,8.262211581188910e-01
850,-9.487274514481707e-01,-6.005420160793009e-01
851,-9.532694597669166e-01,-5.312500000000000e-01
852,5.175691475345136e-01,4.422501611960934e-01
853,7.286883696172295e-01,-6.558903675405617e-01
854,8.144766479702317e-01,3.887093750863204e-01
855,-9.479610572746942e-01,4.062500000000000e-01
856,-5.302584139257829e-01,9.439516986739737e-01
857,3.022717136976641e-01,-2.240344643576332e-01
858,-4.225799468469536e-01,-8.473534280278995e-01
859,-9.537016322243055e-01,-9.062500000000000e-01
860,7.549674643291406e-01,7.668934464608629e-01
861,4.073801492909285e-01,4.292232276855157e-01
862,7.930954468944038e-01,-3.349333739371896e-01
863,7.698171230882340e-01,-2.241852869686330e-01
864,-5.951908435063875e-02,5.611770256061235e-01
865,-7.013993303728241e-01,-6.140144801059814e-01
866,-3.183714417444928e-01,5.536663194689642e-02
867,-8.630576778698590e-01,6.186907069251257e-01
868,3.052913235555367e-01,-4.210931772452403e-01
869,-9.501860662458980e-01,-7.884968484680406e-01
870,4.650973022284659e-02,5.937500000000000e-01
871,3.617203054290908e-01,-8.630842394052657e-01
872,-7.586242296769694e-02,-3.828337628369070e-01
873,3.828337628369070e-01,-7.586242296769694e-02
874,7.187500000000000e-01,-5.048044035223779e-02
875,8.824869791666666e-01,-1.663411458333333e-01
876,8.824869791666666e-01,8.336588541666666e-01
877,-9.430921052631579e-01,-1.462171052631579e-01
878,5.516532654132621e-01,-4.183833985361427e-01
879,-6.493296291163704e-01,9.490103191948557e-01
880,-6.800566390275219e-01,2.411339325274074e-01
881,3.420559449145935e-01,6.707895004448368e-01
882,3.568926659883349e-01,8.711723258292488e-01
883,3.025079802123951e-01,8.608647801215408e-01
884,4.724183368448737e-01,8.747800667756886e-01
885,-2.764100304741023e-01,-4.378671652655953e-01
886,-1.867280373034146e-01,-4.845845226485243e-01
887,-3.716171067839487e-01,-6.186761521485930e-01
888,-9.532532686634789e-01,9.375000000000000e-02
889,-9.062500000000000e-01,4.674673133652107e-02
890,-3.726065033208590e-01,4.055777740611773e-01
891,-2.900980354171979e-01,4.126358601384376e-01
892,1.167630577861556e-01,-5.477603862387033e-01
893,-7.448442411520785e-01,-3.670151478381991e-01
894,-7.956846254643849e-01,-4.362531585711708e-01
895,-6.879192758506077e-01,-4.179996152409348e-01
896,3.702096034023941e-01,-6.438481683269627e-01
897,4.005610049999657e-01,-2.622597762581434e-01
898,3.711670110074692e-01,7.666131313057990e-01
899,-7.941186607802923e-01,-1.785870873165242e-01
900,7.506429745477813e-01,3.259186985597453e-01
901,-4.757058878758585e-01,9.440446557353953e-01
902,-5.741193288705353e-02,3.120583568048119e-01
903,-5.101683631639548e-01,-7.990106500156586e-01
904,6.566063834288975e-01,2.677373409419246e-01
905,-1.097968597783160e-01,-5.948314305427268e-01
906,8.902031402216840e-01,5.948314305427268e-01
907,6.037724151944849e-01,-7.996648819577842e-01
908,-7.711358013192513e-01,2.284013957800809e-01
909,2.033261015518412e-01,8.162945519349734e-01
910,-5.000921332857370e-02,4.122721404773142e-01
911,-5.430131608440245e-01,8.677762385475593e-01
912,-4.396131342553801e-01,8.816985806077279e-01
913,9.541799691879468e-01,9.375000000000000e-02
914,9.062500000000000e-01,4.582003081205314e-02
915,7.255908894714352e-01,-4.262076400375103e-01
916,7.255908894714352e-01,5.737923599624897e-01
917,-8.847568138954828e-01,1.566888490201444e-01
918,-6.207449399431016e-01,-1.611709254588474e-01
919,5.653823974283602e-01,7.921932539983420e-01
920,-4.786021488870626e-01,5.076116420746703e-02
921,-4.856066368319936e-01,1.115731601007241e-01
922,-7.427720931674963e-01,1.345662795024887e-01
923,-2.997014830890278e-01,-6.036733178505337e-01
924,-3.524403521053738e-01,-5.155511194310329e-01
925,-4.816805633502377e-01,-3.674370068453275e-01
926,-5.067383393848348e-01,-4.462065283725052e-01
927,-1.150697411419609e-01,-8.280197924170706e-01
928,-1.774697078561114e-01,-4.031783563615752e-01
929,-5.799457392924020e-01,-4.103202642402247e-01
930,-3.357265670446358e-01,8.668644872851754e-01
931,6.169045736722610e-01,4.621186633436136e-01
932,5.408555609140685e-01,3.825456156320037e-01
933,-6.651555748540937e-01,-6.748661761236808e-01
934,-2.811147194504977e-01,2.549161119369380e-01
935,5.361230237044902e-01,-3.491841874626878e-01
936,-9.438243306804928e-01,-3.222967257593430e-01
937,-4.062500000000000e-01,-9.563133343547380e-01
938,1.726459227853590e-01,1.146119086862080e-01
939,7.170223560552511e-01,2.118102803967938e-01
940,-1.494757886185641e-01,3.519443698996776e-01
941,-2.621207902713970e-01,-3.363374515644135e-01
942,-4.564969497016434e-01,-5.347607401473540e-01
943,3.636523884752523e-01,3.018620081047377e-01
944,-2.134194053282624e-01,-1.738319859020666e-01
945,7.875971203124402e-01,4.837119381504865e-01
946,8.034595960585199e-01,-5.027461657241789e-01
947,5.136211244026336e-01,-5.512937097123822e-01
948,5.015337315539030e-01,-1.786843090910104e-01
949,-8.948076872407531e-01,8.645741713405236e-01
950,-9.470268526582047e-01,8.735907690507808e-01
951,1.168934781066547e-01,-6.655937982220076e-01
952,-8.998329709749513e-01,-4.191152880476223e-01
953,-2.054262761108716e-01,1.347552547138258e-01
954,-1.371984372367824e-01,5.644920001272941e-02
955,3.437500000000000e-01,9.576541602366255e-01
956,2.812500000000000e-01,9.576541602366255e-01
957,-7.422021931968260e-01,3.956693612238105e-01
958,9.717599042473549e-02,4.890404460490509e-01
959,-9.512724732750243e-01,4.642199141561386e-01
960,-5.312500000000000e-01,-4.758587154101508e-02
961,5.045874095179651e-01,-4.457498845776925e-01
962,-7.363681986928635e-01,-4.904820832495818e-01
963,-6.111386561464595e-01,4.736896097766917e-01
964,5.613365116269136e-01,6.165776376454483e-01
965,-7.500290241405494e-01,5.698827088210539e-01
966,-2.401040399770800e-01,-7.182321304290339e-02
967,5.630309822811174e-02,-2.424446436705185e-01
968,-3.525353757549408e-01,1.813150316066216e-01
969,6.257598847669529e-01,4.104163315430518e-01
970,-2.942158313891246e-01,7.694688677621949e-01
971,-8.544784010470284e-01,-9.502870325480619e-01
972,5.627705627705627e-02,-8.632305194805194e-01
973,-8.402777777777778e-01,-8.645833333333333e-01
974,2.012124648536014e-01,8.770607499827390e-01
975,6.169548555460280e-01,6.754467036017656e-01
976,6.970039961438486e-01,-1.067539457495898e-01
977,7.753992955461283e-01,-1.503144850886081e-01
978,-6.877302219001455e-01,-9.451049204048658e-01
979,-7.187500000000000e-01,9.584802086392270e-01
980,4.806306406263014e-01,7.612340885025253e-01
981,4.276496969633057e-01,7.158517973596772e-01
982,8.102897701818544e-01,-6.061215761791651e-01
983,7.786366679473535e-01,8.519233389322702e-01
984,6.988610340428691e-01,8.915395790149983e-01
985,-7.372377535073491e-01,-7.324087073147444e-01
986,4.115936147186148e-02,4.687500000000000e-01
987,2.398900026091636e-01,-7.923922700226663e-01
988,6.428522207700130e-01,5.068794586563659e-01
989,-7.812500000000000e-01,-9.583333333333334e-01
990,-8.685763888888889e-01,-5.694444444444444e-02
991,4.679710924727499e-01,-6.916720761071304e-01
992,5.864648662551397e-01,-2.622809900949022e-01
993,-3.912448355074998e-01,8.063404447917278e-01
994,-1.779019559816447e-01,2.796159081955228e-01
995,-8.475611609371312e-01,-7.720036417874595e-01
996,-8.808912770173027e-01,-8.141251274646464e-01
997,-8.629340277777777e-01,-1.082899305555556e-01
998,-6.357575797796328e-01,5.394132767902123e-01
999,2.525791474045746e-01,4.552548112362215e-01
1000,7.084880904717901e-01,-7.646893611311077e-01
1001,7.812500000000000e-01,4.083041420953461e-02
1002,5.692125776683764e-01,-8.671487361149716e-01
1003,5.312500000000000e-01,-9.595670482958284e-01
1004,5.570225992943717e-01,1.316765161914547e-01
1005,6.001838442201555e-01,-9.545944300870244e-01
1006,6.042630110119853e-01,4.855829453168141e-02
1007,5.206162811937602e-01,4.865158770992991e-02
1008,6.238772163515710e-01,-4.554285472670938e-01
1009,1.331350573189496e-01,-8.291371014886293e-01
1010,4.618812352458085e-01,-6.364880196907926e-01
1011,5.541431710438846e-01,3.003105335501360e-01
1012,3.966783270856745e-01,-1.828880919508164e-01
1013,1.163607904139749e-01,5.592344895293363e-01
1014,-7.715281201340841e-01,6.747613634153740e-01
1015,-3.978608336709520e-01,-3.140834903495215e-01
1016,-7.766468504643005e-01,3.010074477704604e-01
1017,-9.599269051466328e-01,7.812500000000000e-01
1018,-8.877681391807637e-01,7.723437037191956e-01
1019,1.274528878721536e-01,-4.262480881947715e-01
1020,5.591236899306113e-02,1.358655703928247e-01
1021,-7.137378021875829e-01,8.658029416752316e-01
1022,8.569442062019522e-01,-4.259315541040546e-01
1023,1.332756540150690e-01,9.447713563152476e-01
1024,1.367478047881194e-01,8.927469819297242e-01
1025,9.541710056589037e-02,8.587813599902879e-01
1026,-7.760416666666667e-01,4.625496031746032e-01
1027,-1.464416279911756e-01,8.929099063746114e-01
1028,-1.081835155992339e-01,8.530849225880313e-01
1029,-5.432818833856766e-02,8.652095978009001e-01
1030,-1.317536179595185e-01,9.456606393652353e-01
1031,-6.386863849960316e-01,-5.039020013203487e-02
1032,-4.689799437001399e-01,-8.721769888039335e-01
1033,-9.600139894794663e-01,-7.187500000000000e-01
1034,-8.052876114247478e-01,7.130374867189714e-01
1035,-4.589008688539989e-01,3.846705856579757e-01
1036,-4.155060925017347e-01,7.207012845477984e-01
1037,-3.961790081095874e-02,2.187500000000000e-01
1038,1.480337679295207e-01,-1.058439368516935e-01
1039,1.344356707112281e-01,-5.337488225841587e-02
1040,-1.058439368516935e-01,-1.480337679295207e-01
1041,-5.337488225841587e-02,-1.344356707112281e-01
1042,2.159050085631325e-01,-9.568332206713868e-01
1043,7.114696411829317e-01,4.983917389078826e-01
1044,7.114696411829317e-01,-5.016082610921174e-01
1045,6.941037151247442e-01,-8.131672046121508e-01
1046,3.833477459491559e-01,8.279375904837922e-01
1047,-6.398400060315593e-01,-3.670684640026231e-01
1048,-8.321660247623494e-01,5.353035752810946e-01
1049,-2.296424708336552e-01,-9.522477159468439e-01
1050,-1.354019180775635e-01,-9.442768715852980e-01
1051,-4.807654610990967e-02,6.101703130887354e-01
1052,-1.422098261954643e-01,5.823526860674257e-01
1053,-1.144598985831039e-01,6.545885242970175e-01
1054,-8.504005023954534e-01,-6.043600231146786e-01
1055,-3.762757648728957e-01,4.744592753149799e-01
1056,-8.943523062054048e-01,-1.604544896576585e-01
1057,-1.732946030098661e-01,-2.629025629159540e-01
1058,-8.969247511342169e-01,2.544013354392190e-01
1059,-9.597823189292140e-01,2.187500000000000e-01
1060,1.683706800481624e-01,-4.951727548463880e-01
1061,-4.570710627005091e-01,-9.529801758350915e-01
1062,3.335589396121935e-01,-5.688831214603847e-01
1063,-8.863219808721502e-01,7.038611660911954e-01
1064,-9.581297888442135e-01,6.562500000000000e-01
1065,2.186511158700304e-01,2.153966023385881e-01
1066,-3.199835136876698e-01,-6.997559593991615e-01
1067,-4.492130489526434e-01,4.981290139506315e-01
1068,-7.485856922340125e-01,-2.496592449903674e-01
1069,2.366673328008410e-01,5.766990620136948e-01
1070,2.031056815730915e-01,4.690494935308775e-02
1071,8.899846805182809e-01,7.345884398272396e-01
1072,8.899911242440988e-01,-2.654137080813663e-01
1073,-7.656250000000000e-01,4.687500000000000e-02
1074,-7.031237426566789e-01,-8.281245808855596e-01
1075,-7.621527777777778e-01,-8.072916666666667e-01
1076,9.531250000000000e-01,-2.343750000000000e-01
1077,9.531250000000000e-01,7.656250000000000e-01
1078,-3.474532043963643e-01,6.593910769216740e-01
1079,-2.012071099486101e-01,-6.441579884208603e-01
1080,-7.080543747574457e-01,-1.187404327072502e-01
1081,-4.107945261437907e-02,-7.812500000000000e-01
1082,-3.056373265337924e-01,-5.364269014455637e-01
1083,-8.599112460759194e-01,-3.901953367002797e-01
1084,-5.308554191712200e-01,-6.917335374734160e-01
1085,3.784785718655395e-01,7.179436691278246e-01
1086,3.249012933496170e-01,-4.665392669741010e-01
1087,3.732080452230139e-01,-4.839054438437461e-01
1088,9.508674684929915e-01,-4.281656672749752e-01
1089,9.590293078204456e-01,-9.062500000000000e-01
1090,9.534312690398470e-01,-8.564280613591996e-01
1091,-9.375000000000000e-02,-4.097069217955426e-02
1092,-1.435719386408004e-01,-4.656873096015298e-02
1093,4.097069217955426e-02,-9.375000000000000e-02
1094,4.656873096015298e-02,-1.435719386408004e-01
1095,4.608463912983400e-01,3.236423062656367e-01
1096,3.864154705464236e-01,3.829634854551975e-01
1097,-6.185226302168768e-01,2.986073990646750e-01
1098,2.114063618996874e-01,-1.716206756253168e-01
1099,1.327780108172433e-01,2.812626837480221e-01
1100,-2.055653628865990e-01,2.375434182948617e-01
1101,-5.937500000000000e-01,3.929930485203727e-02
1102,-5.632068585201699e-01,-5.117896462924905e-01
1103,8.921256962018773e-01,-8.541621766048062e-01
1104,8.521576979194619e-01,-8.915503365792322e-01
1105,8.655663982740958e-01,-9.453565390342855e-01
1106,9.839265920830274e-02,-1.436748108795542e-01
1107,-1.458378233951938e-01,-1.078743037981226e-01
1108,-3.994427288556143e-02,9.375000000000000e-02
1109,8.444096950323946e-01,1.194420307813003e-01
1110,-2.187500000000000e-01,3.771024728005328e-02
1111,-8.409601244970214e-01,4.189296599737115e-01
1112,8.885019142105034e-01,2.067505153025181e-01
1113,-3.780999702347019e-01,-4.648179885139317e-01
1114,-4.286321473906440e-01,-1.195790627689914e-01
1115,-5.154653313793084e-01,-1.412923283286405e-01
1116,-4.994751336036001e-01,-1.948700254975778e-01
1117,-6.451404752071399e-01,8.992030772572772e-01
1118,-4.025604079269709e-02,-9.062500000000000e-01
1119,5.518039244300318e-01,-7.658547542391425e-01
1120,-2.534172779733486e-01,2.136379890517327e-01
1121,9.375000000000000e-02,4.017063315967732e-02
1122,2.609166921407783e-01,1.211695627664525e-01
1123,-1.082753413865546e-01,-7.330783216901219e-01
1124,7.549109441886621e-01,2.773893154370577e-01
1125,-9.472039473684211e-01,-5.279605263157895e-02
1126,-8.693323683966870e-01,-9.037974817929009e-01
1127,1.186301677297394e-01,-9.505623567420265e-01
1128,9.345781847661470e-01,-9.499819577901031e-01
1129,6.542181523385286e-02,-5.001804220989695e-02
1130,-4.327500069671274e-02,-8.616018561638897e-02
1131,-6.463106844707988e-01,-2.465533473846593e-01
1132,3.018478707200347e-01,3.711633552468642e-01
1133,4.986584148748036e-02,8.795824020932842e-01
1134,-3.298655837032481e-01,-4.140631779167007e-01
1135,-4.878404050100402e-01,-2.706107967381731e-01
1136,5.581902099752067e-01,4.699391765159185e-01
1137,-2.970691991136023e-01,-8.394447942509822e-01
1138,-8.401984448213140e-02,9.561259510385197e-01
1139,-4.299873246845820e-02,9.132549569521555e-01
1140,-5.205568557129733e-01,3.073243731692074e-01
1141,-3.805318285377112e-01,-8.885917363584875e-01
1142,-6.275865981368267e-02,4.965062317870302e-02
1143,4.971617805595433e-02,6.326402215624224e-02
1144,-6.352416827634036e-02,-9.502430968750036e-01
1145,-2.292679640192556e-01,-2.702604591125937e-01
1146,-5.445998080017962e-01,-3.416402908048692e-01
1147,3.270701079692155e-01,-1.220942471878025e-01
1148,-1.878472730546648e-01,6.685120321657499e-01
1149,-1.980212669455976e-01,5.986889963979745e-01
1150,-2.705139853145870e-01,6.621927652065172e-01
1151,2.762649363569110e-01,-3.382308074621069e-01
1152,-1.060384946310284e-01,1.403967701469447e-01
1153,-2.817834377411799e-01,-4.873391433821076e-01
1154,4.917436342422711e-01,-2.276996695265360e-01
1155,-3.664923838339865e-01,-2.023453434311590e-01
1156,6.892933149186873e-01,-9.128078926197619e-01
1157,-4.912210888918960e-01,7.690627859194702e-01
1158,2.012315671791217e-01,3.251514019289383e-01
1159,-4.801606381444101e-01,5.455677985428603e-01
1160,-3.925676625454038e-01,5.650718906545584e-01
1161,-4.296285632568104e-01,6.211382854444520e-01
1162,5.223074962693074e-01,-8.921028756294902e-01
1163,3.502740518707630e-01,1.299491991134090e-01
1164,-2.071783956733548e-01,8.223666536991472e-01
1165,-2.551304046074109e-01,8.379233908038480e-01
1166,-4.831698246481366e-01,-5.021559361217678e-02
1167,-1.691505979514033e-01,-3.456007891520961e-01
1168,2.636055664071426e-01,-1.606808473651611e-01
1169,-2.951639422294832e-01,-1.356744753190956e-01
1170,1.076425514782743e-01,-3.333646741081910e-01
1171,1.326767441590624e-01,-2.792157104559268e-01
1172,-2.812500000000000e-01,-3.800541030790306e-02
1173,5.016602447608134e-01,1.776797181116918e-01
1174,4.253405807478554e-01,1.716098481306744e-01
1175,5.058133931080682e-01,-8.079291399408439e-01
1176,4.478302447987229e-01,-8.369207140955166e-01
1177,4.197460631414396e-01,2.330894214556978e-01
1178,-6.206685609534245e-01,7.331108416088774e-01
1179,-1.087670667989784e-01,-4.174052101218760e-01
1180,9.547016677556230e-01,4.529833224437692e-02
1181,-1.649619679685432e-01,4.483928839823317e-01
1182,-2.240914955513556e-01,4.155245385163074e-01
1183,-2.055292230529036e-01,5.099488033495148e-01
1184,-9.504574948077498e-01,-9.539643186352820e-01
1185,4.984141562156905e-01,5.661510905267712e-01
1186,-2.342755129173414e-01,-4.852794312342549e-01
1187,4.133924975910024e-02,-9.103679923343544e-01
1188,7.074490587804151e-02,-9.527778824709903e-01
1189,-9.546899641207186e-01,4.531003587928138e-02
1190,-2.535182589686141e-01,7.442745926495682e-01
1191,3.342349364349246e-01,-2.670893477815068e-01
1192,6.634139351148426e-01,3.162413434202098e-01
1193,-2.070400252341653e-01,-5.279388089838286e-01
1194,-7.908726999997945e-01,1.413663033739707e-01
1195,8.841464601991594e-01,-3.597376121822312e-01
1196,1.540732586558093e-01,4.104038062434670e-01
1197,5.464913804076619e-01,-5.148699606565781e-01
1198,5.896532913610114e-01,-5.980533973292388e-01
1199,9.635127549144452e-01,2.196205566403030e-01
1200,-5.428014900835598e-01,4.174431727702563e-01
1201,7.731547177856232e-01,-9.574806605882416e-01
1202,9.476648899455756e-01,-7.620460096120686e-01
1203,-3.536626344086021e-02,7.812500000000000e-01
1204,9.533550797297708e-01,-6.977392657588142e-01
1205,-2.345773245341938e-01,9.523211051924145e-01
1206,8.361375475652544e-01,2.743654469627310e-01
1207,-5.963586889780405e-01,-2.607632069624064e-01
1208,-6.087997069303571e-01,-8.101673514511267e-01
1209,1.785143669621323e-01,7.221823998342590e-01
1210,-7.078164086976108e-01,7.276447298838148e-01
1211,-7.534525336942668e-01,7.770874260239946e-01
1212,8.727664836424452e-01,6.395521779140142e-01
1213,-1.195089929413612e-01,-6.408194577838757e-01
1214,-8.039621646705524e-01,-6.213943273224188e-01
1215,-4.062500000000000e-01,3.498574890149196e-02
1216,4.687499999999999e-02,3.331631751514488e-01
1217,-5.586460301744472e-02,5.143189199247572e-01
1218,6.289573522072389e-01,5.517083556946777e-01
1219,4.169500714493801e-01,-7.754432568941497e-01
1220,-3.241741199386194e-01,-7.467256863743790e-01
1221,7.354686106800313e-01,-8.393804979222943e-01
1222,4.188379574979367e-02,-3.963762782587504e-01
1223,-7.221561494557465e-01,-3.755336700823576e-02
1224,1.180813723356299e-01,7.499293863701396e-01
1225,4.737976073049939e-01,3.698726270317556e-01
1226,2.936706441447658e-01,-5.427950544703846e-01
1227,-9.589483963815789e-01,-1.018194901315789e-01
1228,-7.777611340557747e-01,-3.754669631293202e-02
1229,-8.071526233321651e-01,-1.199901345242268e-01
1230,7.912184729472482e-01,-8.255491725263102e-01
1231,3.429282906968690e-02,7.812500000000000e-01
1232,2.187500000000000e-01,9.657071709303131e-01
1233,1.970283240122272e-01,6.340156961790201e-01
1234,6.284094535905579e-01,1.790571173600939e-01
1235,-3.332645804149034e-01,-1.073299918025104e-01
1236,-9.062500000000000e-01,9.640213115968570e-01
1237,-9.540577195098033e-01,9.540577195098033e-01
1238,3.420996758779823e-02,2.187500000000000e-01
1239,1.997917922565380e-01,-8.642338676005976e-01
1240,3.262316002400111e-01,-7.343206044630688e-01
1241,2.878457261938736e-01,-7.065923471146716e-01
1242,-6.680728089476522e-01,-7.672569614540404e-01
1243,6.115192813971921e-01,-6.879257451466494e-01
1244,6.359919718931816e-01,9.959269112833050e-02
1245,6.890177511123217e-01,1.684963684425117e-01
1246,-3.410915684287489e-01,2.263038153864866e-01
1247,5.422133536234156e-01,8.324222304221199e-01
1248,5.727512990883618e-01,-3.773060924683394e-01
1249,9.552018997386582e-01,1.414682071195960e-01
1250,-3.066152626878240e-01,5.801806557987610e-01
1251,5.364367332771816e-01,-3.030489151384260e-01
1252,1.207212893124361e-01,-1.852074349121870e-01
1253,-8.690249710821591e-01,-3.329291376363603e-01
1254,-6.466154011119041e-01,1.462615539389830e-01
1255,4.282600620361625e-01,-6.032160753648010e-01
1256,4.319587425801080e-01,-5.560244688717516e-01
1257,2.125235011835870e-01,1.383914567834874e-01
1258,9.551292098136595e-01,9.497218854968159e-01
1259,5.115747174623625e-02,9.488425282537637e-01
1260,-4.526568341037764e-01,-4.825847970159360e-01
1261,3.773948503556821e-01,-6.991048527707888e-01
1262,-5.347887972741383e-01,-8.957575813472332e-01
1263,-5.312500000000000e-01,-9.664163961038962e-01
1264,-6.013716919496302e-01,-9.593243081265966e-01
1265,-1.448464937339101e-01,1.016652925422714e-01
1266,9.551819669093610e-01,-5.059840919281539e-02
1267,8.672019878241604e-01,-7.310035116489330e-01
1268,-3.088239450430834e-01,1.564534973809258e-01
1269,6.306225393793816e-01,8.236343566022334e-01
1270,8.900518111551305e-01,4.185426604225161e-01
1271,8.900518111551307e-01,-5.814573395774839e-01
1272,1.085158777581584e-01,-7.390807961671184e-01
1273,-6.020686762445309e-01,5.722559752980237e-01
1274,5.251134423780852e-01,7.002876225150739e-01
1275,-7.691132982125684e-01,-5.626488157940441e-01
1276,-8.605748739300072e-01,-5.588371933814501e-01
1277,9.534909921249505e-01,-6.081766703815711e-01
1278,-3.727524591699576e-01,-6.678836304513698e-01
1279,-9.560591389492782e-01,-4.523730419940975e-01
1280,2.922853755291424e-01,-8.097241086907893e-01
1281,4.754556986048540e-01,4.609854864967377e-01
1282,-1.104475828208615e-01,-1.943333978862961e-01
1283,6.957218470073908e-01,8.456827227935946e-01
1284,-9.656250000000000e-01,-2.187500000000000e-01
1285,-8.359104836401662e-01,-2.578575272663896e-01
1286,-8.984375000000000e-01,-2.421875000000000e-01
1287,-3.077238996096380e-01,-3.343935617016364e-01
1288,7.457235077254621e-01,-2.719608910431675e-01
1289,8.287980605847036e-01,-3.045500965167159e-01
1290,6.029348768134167e-01,-8.979291661998489e-01
1291,8.345375302712260e-01,7.085648436001536e-01
1292,8.004753784004561e-01,7.685771848196097e-01
1293,6.307976043184512e-01,-1.771859567776134e-01
1294,6.607869334516309e-01,-2.379368806400888e-01
1295,-6.029485551800032e-01,-6.296486688716481e-01
1296,5.431582805078833e-01,-7.038828860935130e-01
1297,4.149978145488076e-01,-1.085380915342818e-01
1298,-5.374831572640886e-01,6.233249076433525e-01
1299,5.069898017166955e-01,6.584407578206698e-01
1300,-3.942716131169838e-01,-8.968897853952533e-02
1301,-6.519500110695365e-01,-5.095161966142518e-01
1302,3.481709695555577e-02,-5.955573348606423e-01
1303,-7.134059502364263e-01,5.974220767569767e-01
1304,6.169301005192622e-01,-7.561172869674180e-01
1305,7.982372026477431e-01,1.134116054834051e-01
1306,-6.491528842578532e-01,9.965820262122090e-02
1307,-5.602253321982984e-01,1.041182923690867e-01
1308,3.437500000000000e-01,-9.652506994858405e-01
1309,4.037207165891438e-01,-4.487003225958847e-01
1310,1.105560159761035e-01,-8.684419858280836e-01
1311,3.208316784846736e-01,4.673247279593497e-02
1312,6.958051701735612e-01,-1.533578487822382e-01
1313,2.513159357654595e-01,4.820995714252831e-02
1314,9.672619047619047e-01,4.062500000000000e-01
1315,9.672619047619047e-01,-5.312500000000000e-01
1316,-3.539628095097274e-02,-4.034652340150807e-01
1317,-4.062500000000000e-01,-3.273809523809523e-02
1318,-4.197867885887566e-02,-4.784306114122462e-01
1319,4.701750874889823e-01,-3.409840602303287e-02
1320,4.062500000000000e-01,-3.273809523809523e-02
1321,2.871374074962674e-01,1.881516976175119e-01
1322,7.671845930249399e-01,-6.867372553813607e-01
1323,9.674181280189791e-01,5.937500000000000e-01
1324,-1.045054509327426e-01,-5.402764563135973e-01
1325,-3.258187198102084e-02,-5.312500000000000e-01
1326,-3.258187198102083e-02,-5.937500000000000e-01
1327,9.008631654715364e-01,5.297777816805218e-01
1328,-3.396758578617017e-02,7.187500000000000e-01
1329,7.701303181403640e-01,6.665364815383421e-01
1330,-6.507789196325757e-01,-2.005813617704280e-01
1331,-3.273131088122700e-01,7.374678991661756e-01
1332,3.313525220519414e-01,5.704433014965291e-01
1333,-1.438637233983951e-01,-7.927132134801987e-01
1334,6.562500000000000e-01,-9.663284842555405e-01
1335,3.285194035818954e-02,-2.812500000000000e-01
1336,6.866412708672143e-01,7.029725740347048e-01
1337,7.037979785641919e-01,6.318679423796862e-01
1338,6.223290652404665e-01,-3.576810105814823e-01
1339,7.037977406002413e-01,-3.681370305671712e-01
1340,6.783937752583430e-01,-2.935678755230184e-01
1341,9.375000000000000e-02,9.670830418240011e-01
1342,2.318972602120863e-01,-7.817273353267085e-02
1343,-7.817273353267085e-02,-2.318972602120863e-01
1344,-3.221208806370230e-02,-2.187500000000000e-01
1345,2.187500000000000e-01,-3.221208806370230e-02
1346,6.615683847316571e-01,7.623196433700151e-01
1347,2.614155991010651e-01,-9.559352255942032e-01
1348,-9.153057653053579e-01,-7.218236537939915e-01
1349,-9.589778524548823e-01,-6.450252174121520e-01
1350,-8.814451771390118e-01,-6.807180170938182e-01
1351,3.685051047885974e-01,9.171766353770051e-01
1352,-2.618440993668860e-01,-5.757445435922185e-01
1353,7.843855458628088e-01,3.554579754951084e-01
1354,4.663041168607175e-01,-9.654225091713697e-01
1355,3.205671933403001e-02,2.812500000000000e-01
1356,7.187500000000000e-01,-9.670563047110247e-01
1357,4.851958701801523e-01,2.849415351463646e-01
1358,-9.062500000000000e-01,-3.235968199525745e-02
1359,9.674044371800951e-01,6.562500000000000e-01
1360,-4.480158626104620e-02,-6.733923783217380e-01
1361,-9.563217255510831e-01,7.023473610554071e-01
1362,4.627599622289000e-01,1.471156804978235e-01
1363,-4.215961597352610e-01,4.095990674052999e-01
1364,5.503412997953041e-01,-4.873914276951770e-02
1365,9.230254221273281e-01,-5.184575905765341e-01
1366,-8.163522805759917e-01,-6.910695174293090e-01
1367,-8.030070950855529e-01,-7.688552782929530e-01
1368,6.195282804113594e-01,3.256820678212721e-01
1369,5.573107479393593e-01,2.284896633213835e-01
1370,-3.812175192935644e-01,7.491771483766728e-01
1371,-2.187500000000000e-01,-3.228765644596351e-02
1372,-3.495802315091115e-01,8.238470787275711e-01
1373,-5.768494994830907e-01,7.731957983096884e-01
1374,-6.051328867164034e-01,8.261497233752446e-01
1375,4.096518564528599e-02,7.069379922220856e-01
1376,3.037353805154658e-01,6.480386612848408e-01
1377,3.593509352566698e-02,-6.518577423069019e-01
1378,3.271261221058174e-02,-7.198847027175118e-01
1379,3.730293120643428e-01,-5.415002480660613e-01
1380,3.859432424920539e-01,-9.514390956748693e-01
1381,-5.239870165924072e-01,7.110322075978028e-01
1382,-4.699274213316341e-01,6.643434228152238e-01
1383,8.332558999055532e-01,3.479951261098818e-01
1384,-1.202611327260293e-01,3.884193247087793e-01
1385,9.674181280189791e-01,5.325490225136057e-01
1386,9.672619047619048e-01,4.672874008075235e-01
1387,-7.933688426767481e-01,7.563915434093751e-01
1388,3.127857752122946e-02,-7.812500000000000e-01
1389,-3.882638096364933e-02,9.611736190363507e-01
1390,-4.026322751637769e-02,-4.026322751637770e-02
1391,4.313374777688934e-01,3.846346347792269e-01
1392,9.504949538437610e-01,-3.826788210379357e-01
1393,-1.450699179387677e-01,-5.665805783721763e-01
1394,8.488860196967354e-01,5.653386431946352e-01
1395,7.902528120921651e-01,6.008310219080923e-01
1396,-1.382340481125066e-01,7.375060143749408e-01
1397,4.604458258868174e-01,-5.212917889803701e-01
1398,2.222694817743025e-01,-4.391182250477333e-01
1399,2.592890203039778e-01,-6.356310661744632e-01
1400,2.651323360144901e-01,-5.773831075571932e-01
1401,-4.674448246497398e-01,4.577425205524999e-01
1402,-7.212081030494628e-01,-1.610747831379632e-01
1403,-6.735493404420292e-01,8.097881218954113e-01
1404,7.144348940496722e-01,9.294428570020687e-02
1405,-2.802177648754189e-01,3.258328663704233e-02
1406,-5.102588264986159e-01,-6.206197477302187e-01
1407,-5.011628024080423e-01,-5.455123654784684e-01
1408,-4.430403284297566e-01,-6.114544032873147e-01
1409,-1.892707878259740e-01,-1.146560891492503e-01
1410,-1.680630413466675e-01,-6.745491276213390e-01
1411,3.565916383592541e-01,-4.023657760004203e-02
1412,-4.023657760004203e-02,-3.565916383592541e-01
1413,-2.442186864288051e-01,3.315288691048626e-01
1414,-5.444691450020867e-01,5.054943515486250e-01
1415,-7.168919773050846e-01,3.102475712373103e-01
1416,-5.692577904673274e-01,9.026988773919410e-01
1417,1.241249515297933e-01,1.881118031843557e-01
1418,-3.805789882320381e-01,-5.489623369421126e-01
1419,2.895985170609764e-01,7.482469717711453e-01
1420,-5.469321759751210e-01,1.813995067952781e-01
1421,1.080350254564788e-01,6.519242905652478e-01
1422,1.918072608131912e-01,-7.076422549844915e-01
1423,5.425654500140190e-01,5.110447956101691e-01
1424,-5.578333879302028e-01,6.621486650856181e-01
1425,1.769154756773760e-01,-5.919178733018126e-01
1426,2.126043507290636e-01,-5.654628345746008e-01
1427,9.717180678932041e-02,-5.865393558520738e-01
1428,-9.765660119056857e-02,6.946267770411979e-01
1429,8.973018544879827e-01,-4.434761768061625e-01
1430,-7.812500000000000e-01,9.671154270419074e-01
1431,6.334658019443891e-01,6.341506010096796e-01
1432,4.419102695097248e-01,5.985954303995150e-01
1433,1.762505019908774e-01,2.242822100441369e-01
1434,3.530365187222878e-01,-1.812281539190648e-01
1435,0.000000000000000e+00,-4.687500000000000e-01
1436,-7.058049899131028e-01,4.861628420125115e-01
1437,-1.184859554316086e-01,4.790709341577463e-01
1438,-1.032591135570344e-01,5.633408074245244e-01
1439,-1.428275619604316e-01,5.356921970966193e-01
1440,-2.512055551849296e-01,-4.026515619432122e-01
1441,-1.041262537968699e-01,-4.610625527178059e-01
1442,-2.407202888188938e-01,-9.077942348987889e-01
1443,-1.663156991595200e-01,1.897275411305703e-01
1444,2.699090810396252e-01,-8.787118922031559e-01
1445,4.344360865538522e-02,-4.588595076148832e-01
1446,7.319330915645866e-01,-8.824706865282766e-01
1447,-6.945835495087942e-01,-2.001556337896996e-01
1448,-5.636369819529609e-01,-2.203026752838268e-01
1449,4.552393451069779e-01,-3.410996717204878e-01
1450,-7.872889559168317e-01,-3.891333135215107e-01
1451,3.960272988123008e-01,-4.059682721197825e-01
1452,0.000000000000000e+00,-5.312500000000000e-01
1453,-7.816165659600067e-01,-3.429915065291956e-01
1454,-6.477341546203514e-01,-8.555672009239033e-01
1455,-5.970916815341482e-01,-9.028221590901081e-01
1456,-5.615680598793859e-01,-8.393459696383315e-01
1457,2.334626948290514e-01,7.838384949133904e-01
1458,4.163437912831035e-02,-8.228938623755946e-01
1459,7.481642527465301e-01,7.240133888846019e-01
1460,-2.282521510734107e-01,5.560961649619361e-01
1461,-4.723632808041191e-01,8.534354948987088e-01
1462,1.715628621897261e-01,-7.516645381501366e-01
1463,3.088384582428459e-01,4.152237514442109e-01
1464,2.254076357241030e-01,3.952767171977478e-01
1465,-3.588426607496488e-01,5.135033559890395e-01
1466,7.933018417290243e-01,1.960280786690071e-01
1467,-3.762881500640877e-02,3.516681140394197e-01
1468,-6.398998864285992e-01,-7.096657380135782e-01
1469,-5.039548753828078e-01,3.779045229193367e-01
1470,5.030171531460512e-01,4.021810401807150e-01
1471,-8.201044118172732e-01,6.179275188773102e-01
1472,3.125000000000000e-02,-1.000000000000000e+00
1473,1.328786727063933e-01,9.913466683977384e-02
1474,9.121050645826940e-01,-6.177675987048196e-01
1475,6.202658573784341e-01,-1.088401264865282e-01
1476,5.937500000000000e-01,-3.266240835431104e-02
1477,5.610882367373793e-01,-1.082990295570585e-01
1478,-9.555079388145604e-01,5.528003933776010e-01
1479,5.028618249991584e-01,2.211560136264913e-01
1480,9.623137620500347e-01,3.541809417615124e-01
1481,9.010103928249722e-01,2.940598887366521e-01
1482,9.005361135811873e-01,3.466245890163248e-01
1483,3.700926941618113e-01,6.384960392284867e-01
1484,-2.370706182576759e-01,9.080084160370677e-01
1485,0.000000000000000e+00,2.812500000000000e-01
1486,-1.175189771868256e-01,2.591248203278981e-01
1487,2.994755232163065e-01,-6.515820087893882e-01
1488,7.682206034477091e-01,-4.151065594792365e-01
1489,-9.877129319447350e-02,-8.671500124306287e-01
1490,-9.505149901425516e-01,-3.640087401575404e-01
1491,-3.437500000000000e-01,9.673354952818396e-01
1492,-3.862952803220345e-01,9.579132239669127e-01
1493,5.759830066583806e-01,9.599762474801792e-01
1494,8.663569088740355e-01,-2.052464759711931e-01
1495,-6.329284819845057e-01,6.024109225040963e-01
1496,6.594105224595320e-01,-8.376823720034959e-01
1497,6.516951890698784e-01,-8.806228673939440e-01
1498,8.663811108649779e-01,7.947644976023398e-01
1499,7.232226207114669e-01,-5.818977236467897e-01
1500,5.865236214901545e-01,5.525506365889478e-01
1501,-9.033524861106105e-01,4.066916577493143e-01
1502,9.183392534390151e-01,6.789464931219696e-01
1503,-1.772976187932238e-01,4.413517418864586e-02
1504,-7.992873869509044e-01,-8.529958010335917e-01
1505,3.276586633160576e-01,7.695284323959423e-01
1506,3.429282906968690e-02,8.390834939527613e-01
1507,-5.608694337906449e-01,5.832413925774617e-01
1508,8.631472724492779e-01,4.165026875684245e-02
1509,3.465413999886413e-01,-6.089777927664402e-01
1510,-6.512812307094336e-01,-9.667429607361578e-01
1511,-4.191779078687028e-01,3.252986479755482e-01
1512,-4.672276023694709e-01,2.715974010120729e-01
1513,-4.147136221544171e-01,2.449415051184054e-01
1514,7.830028347797749e-01,-5.724335857390219e-01
1515,8.482505001199395e-01,-5.888504845358723e-01
1516,7.881641490978221e-01,4.211943426141310e-01
1517,8.301494610473961e-01,4.863572048275238e-01
1518,-3.533981277443808e-01,-7.766679112986703e-01
1519,-3.221615716156650e-01,-9.585125208169637e-01
1520,-7.333899520637964e-01,6.917360813484436e-01
1521,-6.507460754589527e-01,3.979955891688564e-01
1522,-5.914289000829310e-01,3.852662020757607e-01
1523,-7.187500000000000e-01,-1.000000000000000e+00
1524,-1.000000000000000e+00,9.062500000000000e-01
1525,-8.786270842598959e-01,9.031250664636602e-01
1526,8.419726978187363e-01,-5.181798674677930e-01
1527,-4.130318236413689e-01,-4.410066599233392e-01
1528,-4.224923157056822e-01,-3.980412867318133e-01
1529,3.617738010962614e-01,3.942921120626423e-02
1530,3.865611406118646e-01,1.079615352072124e-01
1531,-2.459274447972489e-01,-7.134727286736197e-01
1532,3.029827952951812e-01,-9.570576179745305e-01
1533,-4.619473595730100e-01,-3.281821138268166e-01
1534,3.883819903332224e-01,-8.951527983475933e-01
1535,3.285413790705271e-01,-8.878183411815878e-01
1536,2.557305387357023e-01,-7.340431163937575e-01
1537,6.114170532763922e-01,8.802207271677265e-01
1538,5.690660418400019e-01,8.889219805840016e-01
1539,6.179839547681316e-01,9.585651605812362e-01
1540,-7.443769591111487e-01,8.934298247360055e-01
1541,4.971071715076088e-01,-6.148649262311916e-01
1542,1.000000000000000e+00,-9.687500000000000e-01
1543,0.000000000000000e+00,-3.125000000000000e-02
1544,6.896149947284058e-01,2.427992241429378e-01
1545,4.115936147186148e-02,4.260195114116583e-01
1546,-6.934247915529483e-01,-5.173863802032547e-01
1547,-2.264644153704180e-01,9.901828179790415e-02
1548,1.321795940679578e-01,-9.113771712999998e-01
1549,1.862277841429806e-01,4.972939197847211e-01
1550,-3.998709652633226e-01,-6.998193588728160e-01
1551,-5.686580793845252e-01,-6.699323671187140e-01
1552,-4.664143230196050e-01,-7.541116989045071e-01
1553,-4.156886051945796e-01,-8.068576488760328e-01
1554,-4.813225227786974e-01,-8.321063652238823e-01
1555,-8.652907925415901e-01,6.675581821689043e-01
1556,-2.155165658911201e-01,7.612680041458671e-01
1557,4.153625693514157e-02,6.365834032582173e-01
1558,-2.431536579306703e-01,4.926826389500922e-01
1559,9.131211757470516e-01,1.405406468936423e-01
1560,4.873726752192730e-01,-1.046774138166754e-01
1561,-5.718570762525783e-01,1.479570443701955e-01
1562,-6.082748678887010e-01,1.291456130993237e-01
1563,-6.306802707348641e-01,2.068083921909592e-01
1564,-8.868478821227198e-01,-4.580024515840717e-01
1565,-9.133774341322666e-01,-5.221612651628387e-01
1566,7.661120083962450e-01,5.677252432411609e-01
1567,-4.015765966617030e-01,8.975879810179040e-01
1568,-4.886107730952263e-01,-4.091392664166175e-01
1569,-2.702887927300329e-01,1.093972265963126e-01
1570,-5.264126111532734e-01,-2.839980545761975e-01
1571,-2.370492938047383e-01,-6.637297935554261e-01
1572,6.712528297062398e-01,-4.938276151824280e-01
1573,-8.591922578676479e-02,-6.746566460760565e-01
1574,-6.687890011078311e-01,-1.057971738822566e-01
1575,-7.603665522844840e-01,8.171824053105575e-01
1576,8.036023841388583e-01,2.497797901875007e-01
1577,5.422332767921523e-02,-3.162577731954547e-01
1578,8.491887816043289e-01,4.114168955843278e-01
1579,-7.968747679039920e-01,8.862008658427254e-01
1580,-8.120150971966047e-01,9.389820080998430e-01
1581,-9.155451828737635e-01,5.600673046040302e-01
1582,-7.818982544411889e-01,-8.898106298069857e-01
1583,-8.052717969752730e-01,8.433353022046515e-01
1584,-8.301375556280486e-01,7.753750813395338e-01
1585,6.562500000000000e-01,1.000000000000000e+00
1586,-6.626557315814033e-01,-3.335807744112100e-01
1587,8.461476806022298e-01,-3.419497949232612e-01
1588,7.901416289402997e-01,-3.809555980883245e-01
1589,5.645993062651730e-01,4.043295170417158e-02
1590,-9.597392061394983e-01,8.311014557296060e-01
1591,-2.868416544922298e-01,-6.422812849536442e-01
1592,4.054493090053603e-01,2.994809526745835e-01
1593,-9.592449217447271e-01,9.130638442372996e-01
1594,-7.054244518786077e-01,4.126036377240796e-01
1595,-5.342132949880406e-01,-7.664547735263784e-01
1596,-7.625424760362739e-01,-5.219079761853714e-01
1597,-8.219240066604605e-01,-4.670522118945880e-01
1598,-8.165895922359395e-01,-5.243018410541940e-01
1599,0.000000000000000e+00,-9.687500000000000e-01
1600,-4.253663411528945e-01,1.297285642352489e-01
1601,1.602406844463616e-01,-4.027434878687369e-01
1602,8.737290301988020e-01,-8.175528223785102e-01
1603,-1.109110255567460e-01,3.381620981136259e-01
1604,3.125000000000000e-02,0.000000000000000e+00
1605,6.071827026879008e-01,3.742705307379859e-01
1606,-7.631050051902090e-01,-4.601721413983975e-01
1607,-2.404703989942234e-01,-2.034957979087514e-01
1608,4.461664616462149e-01,9.589248550940020e-01
1609,-3.102981590614250e-01,8.982107458199887e-01
1610,3.208131586274838e-01,1.025628260798369e-01
1611,2.276070324953324e-01,4.892222574705170e-01
1612,-9.040335954104116e-01,-3.107917795399783e-01
1613,-7.596809655583476e-01,-6.992019534023890e-01
1614,4.140601613101985e-01,-2.218186210418486e-01
1615,2.945448814820273e-01,6.090518225309240e-01
1616,-6.847227587145017e-01,6.263297216014270e-01
1617,0.000000000000000e+00,3.125000000000000e-02
1618,-2.899260848821142e-01,3.726404854570355e-01
1619,3.997844827586206e-02,1.780849846864446e-01
1620,0.000000000000000e+00,-3.437500000000000e-01
1621,-8.437500000000000e-01,0.000000000000000e+00
1622,-3.442402291171944e-01,5.944839901012705e-01
1623,5.041584552026652e-01,8.581040742212472e-02
1624,7.391081260043615e-01,8.584455724087734e-01
1625,7.179522754717884e-01,7.818499223197026e-01
1626,7.718273953943454e-01,8.047165327048394e-01
1627,8.833980333781810e-02,7.772644788172306e-01
1628,-7.198680842493012e-01,-2.773530472046307e-01
1629,-3.549684211584022e-01,-3.804506895420409e-01
1630,-3.976473168135761e-02,1.778256027778262e-01
1631,-5.937569139602851e-01,-1.305627933088656e-01
1632,4.726785231020058e-01,2.471356163721531e-01
1633,-9.375000000000000e-02,0.000000000000000e+00
1634,7.344138711946981e-01,-1.409776264638925e-01
1635,7.284772472615043e-01,-2.226096217925075e-01
1636,-6.472809918004795e-01,3.268400544984598e-01
1637,-7.426169850151079e-02,7.728686029402343e-01
